sample_id,path,label,source_id,video_id,manipulation_type,split,raw_sha256,decoded_sha256
yt_0000_p2_part_167,raw/real/yt_0000_p2_part_167.flac,genuine,yt_0000,yt_0000,none,train,62438ab9da792d02e73dd3994ad0f1dd730472919fe10e1b15eebc306b448a17,b0410e399aecc18ebae630226b61145b5cdfbbe1bccfd81ed6d9f7b92d465563
yt_0000_part_001,raw/real/yt_0000_part_001.flac,genuine,yt_0000,yt_0000,none,train,a986e4cc4a3689533608307f477cdb43979784c58e1711b3db6620b96aa115e5,db73ba2fe5cfa39a39fed7c56366bdb014f6e58f3a84f6516d2dd390e38da960
yt_0000_part_002,raw/real/yt_0000_part_002.flac,genuine,yt_0000,yt_0000,none,train,8505b1e3aae1e7b3ade5a2684ec35495b4cc72691b1473280fbe438d9763b0b4,897eb5549164802737fdeb38332f08ce53f204070b1f6b2205844bc6ff5faabf
yt_0000_part_003,raw/real/yt_0000_part_003.flac,genuine,yt_0000,yt_0000,none,train,579f0523982f7a69adc30930780d6b13dbbf0329b4ff905c5f2f3eaf79584fd6,673972abc4e285e604d815290a3c81c6dffa2c60eec33b577c3becc485b7c579
yt_0000_part_004,raw/real/yt_0000_part_004.flac,genuine,yt_0000,yt_0000,none,train,c578b1bf47d41fbf177275ad08d9f2c7f38feab109a25719c0bd163fc6de8584,07db0bdc04b91055e3a489ade515661d61b0d0ddc2cd37cf09e88f4c4b5a70b8
yt_0000_part_005,raw/real/yt_0000_part_005.flac,genuine,yt_0000,yt_0000,none,train,411491becb7807e87a71da1755d2aca38630d3e3205b69f366e97667543394ab,b784e345297f2ebda9cf78f29f3f45fa6a7f9e924054edd52d6c350227ca1af2
yt_0000_part_008,raw/real/yt_0000_part_008.flac,genuine,yt_0000,yt_0000,none,train,b490593e5acab51da94750f9e09459a894e0db2f8c8a78b509c3eb2865ab3970,363a346ab014bb6d57e08ff1ab4d615af04a533db72fd5823f7551f6b8af6b1a
yt_0000_part_010,raw/real/yt_0000_part_010.flac,genuine,yt_0000,yt_0000,none,train,73cbf84948fc4a835b2543b6b47faf5d4e84b436e8bc4feb39ffb9ee579e9477,2e813b8f6c711a08d034674b3ef9b05298a14bb9d615c80108c9cb4f73fc51a2
yt_0000_part_011,raw/real/yt_0000_part_011.flac,genuine,yt_0000,yt_0000,none,train,f97398577956cf7207d39b5225c1233be0688cffd1104a1febae63725e51acd8,9491c1f97019f520818f2b39afaf3392781e8baafbf79b85dc0855e3ac2cad96
yt_0001_part_001,raw/real/yt_0001_part_001.flac,genuine,yt_0001,yt_0001,none,train,1afb08586779ac090607f82a2ab2d03cd27c7a0a7dce2cda5efb0c4b369930f3,3c643cb13325b35ae7bf2677abd251d3487c6b4cbe56de92250bb2fd10ce5069
yt_0001_part_003,raw/real/yt_0001_part_003.flac,genuine,yt_0001,yt_0001,none,train,7d24761d0468e4757db98d65954598fb31a1a96d065c8728a017506dec6dcddb,280917b84a0a867f3cf971b1a29591ace98107ad022949889ad411b835ed6231
yt_0001_part_005,raw/real/yt_0001_part_005.flac,genuine,yt_0001,yt_0001,none,train,3fd858b7cbae366e025e939c82003c07fa1c64e3f75d59f3f4840f3ef9547ed0,7ab0e864d1d33d33653dd69bb45ca77facac9f42870300c6eff66dd82ee7abe9
yt_0001_part_006,raw/real/yt_0001_part_006.flac,genuine,yt_0001,yt_0001,none,train,bf618b62154613b14106c6e78336bb6007c289a095917b2eb06192a1870242bf,0bb8658b3a4f5c12e362f4b79bbbd0ad02a74c03bc3f14b5452ec0fc3f3930de
yt_0001_part_008,raw/real/yt_0001_part_008.flac,genuine,yt_0001,yt_0001,none,train,ab5bd34289dff48e668cbdd63f3499f2618a0d07c98ef0bc8aa5238c6073046e,2fd5b21596f9080080cc41a5a824618009989ddd5613a3451c28712a7b39d08e
yt_0001_part_010,raw/real/yt_0001_part_010.flac,genuine,yt_0001,yt_0001,none,train,f06c9e12682c1bbda6a41215d1aced2043078d718765f6c3b1672b514daf924c,51eb753024c75af999b0f38263aee2e1bd217304a81952a4ba80788a29f1b5ee
yt_0001_part_011,raw/real/yt_0001_part_011.flac,genuine,yt_0001,yt_0001,none,train,680fe64a68541c9b1608bbd9946766146dbd881d0cdb8d784e2f6a6aa0e8b651,aec10ccfc6bbb07b0fcae732ea3d2ef21ee4447393111602d834a8a0dc1cf5d4
yt_0001_part_012,raw/real/yt_0001_part_012.flac,genuine,yt_0001,yt_0001,none,train,187cfc84e2bb2f3252897139f43f3dbbd8dbc17456d9baf20d257e0692470ab1,f92ad60cd33fbeec981261ac9d99013e2ce4a59b81d3a9a8e5920cceb0dc72a4
yt_0001_part_013,raw/real/yt_0001_part_013.flac,genuine,yt_0001,yt_0001,none,train,6ca3027a9cb8e2de50f67559b998fbdde336bd7734071e1b9de31eba072df6cb,00f7b8ce3294d0481d39be7140791ca0d1a030f3ee04ba3887e8d87cb8a28401
yt_0004_part_001,raw/real/yt_0004_part_001.flac,genuine,yt_0004,yt_0004,none,train,55b3b5cd2890ffc6d95a5a9c7c7066cd294f34dfbf221e4310354093daf84d26,86c2b8d5cbd8bfc29ccc3e9d48d3b443274fcd1ce1fccb8bb68b95c05de802f5
yt_0004_part_003,raw/real/yt_0004_part_003.flac,genuine,yt_0004,yt_0004,none,train,e5ffc8ce40f35311a60302b40accacde7567330018367836ba609351558850b8,e49033ad38f1cbc5c4a020b04eab61c492e57734f0e07db64b486d06b8988abc
yt_0004_part_005,raw/real/yt_0004_part_005.flac,genuine,yt_0004,yt_0004,none,train,149a74962612912e25cd328ca72a1b3fa891767302da8634634491154e4396c2,d217be78a9ed405ab8c86f3a12a58b8fdc8865565697b33dc72cdb4f3eafaa42
yt_0004_part_007,raw/real/yt_0004_part_007.flac,genuine,yt_0004,yt_0004,none,train,5e0a8e0e1ee84b3ca8bad11193e643675dcd88cebf768d6abd0576a772e9e182,9dba4e1e1439bd45a4c78869a44c751257c6b58101645c8ef5c9814a6c0f6afd
yt_0004_part_008,raw/real/yt_0004_part_008.flac,genuine,yt_0004,yt_0004,none,train,6c0608ec30c670816e6596b93866ffe9b7462128446279df4f9125589f9c0ff9,605fa5fb2da14f7094167e89d68ae8752ff3b0c4cf4383f149ad81642b68cd0d
yt_0004_part_012,raw/real/yt_0004_part_012.flac,genuine,yt_0004,yt_0004,none,train,3ab70a68659898deb55ea67007449e6df593a9ee4dc220f7e83c3719b2277a2d,3d01c8ce70acd5529a7a204bc2ed358283f2d6da041b002a7f6127f786781999
yt_0004_part_013,raw/real/yt_0004_part_013.flac,genuine,yt_0004,yt_0004,none,train,8ffed302063d1ac2c76c0ba83f3d3f7189fc8b9e4cd920b7906cc2b6ac2bb03f,fb8e7e375178db49274d0bbbf6f28fec474b0c29437ba0f6b40c6ff69a954b99
yt_0004_part_015,raw/real/yt_0004_part_015.flac,genuine,yt_0004,yt_0004,none,train,abc7ef8512eb80f77db656e0c62f8c79eb91a37e26fdcd7cb968dbf13fb93c12,17af9c9d77ec01ac70b16ac977977dbf610d023be3d020464eb93016a39de271
yt_0004_part_018,raw/real/yt_0004_part_018.flac,genuine,yt_0004,yt_0004,none,train,e67cbe48c79040a6b91306aa717b23d3bc9f523984b2adb1f335b91a9136f42d,4ed462798d5cec653d3ade871b406542875a53e536c7352c3a201c5eaa689e28
yt_0006_p2_part_007,raw/real/yt_0006_p2_part_007.flac,genuine,yt_0006,yt_0006,none,train,f84c668ce81458cdbc3316473e1940b4e915b80e79f7e6b3acdc6280fac9213c,64ef3ecc831774d9797cef2de237926610b488e7512ced643b9f4853b8408d10
yt_0006_p2_part_010,raw/real/yt_0006_p2_part_010.flac,genuine,yt_0006,yt_0006,none,train,41b8c994762c1e65e9e73837274ec77c9a136e174ca277df96536ee91fe67672,776333c96edf46b4e217c3ae6e543795c75c70f53ab051b9e6db3f66b0dac0d4
yt_0006_p2_part_011,raw/real/yt_0006_p2_part_011.flac,genuine,yt_0006,yt_0006,none,train,cc6d7827e83363291783aeb6dd40dae3c7567f5fa4e97f0bbea2777179e04f9b,1a39d274124f702523efa6d920ec2084df87baa268f108fb5b9986c61378336a
yt_0006_p2_part_013,raw/real/yt_0006_p2_part_013.flac,genuine,yt_0006,yt_0006,none,train,feffe0e5441d8f9942308820832b69e54b46480b438e13f0b4e96b85a870818d,ece8bfb62add6070c88d5d54975ee31111028291946f50accc334474b77f6f01
yt_0006_p2_part_017,raw/real/yt_0006_p2_part_017.flac,genuine,yt_0006,yt_0006,none,train,098d762a328f2b02a4e85496fa94219c3322e3d6c86665f970582615c135a2df,d01fb3d907c56acd9ba8d8eccfd8a90572b9c3d6e2565aaae7ddd018273e8086
yt_0006_p2_part_018,raw/real/yt_0006_p2_part_018.flac,genuine,yt_0006,yt_0006,none,train,8501040f53935650837e2781aba207fbebd7827406b11d8a3c36846e1f56215a,530406502ac8c89f78c964e38c95ef8a781dff135ca0c6ee534f0823d22b1b22
yt_0006_p2_part_021,raw/real/yt_0006_p2_part_021.flac,genuine,yt_0006,yt_0006,none,train,dbfc9cf8338aa47195b135d5006cd9a2e61c7fe8424b0dd5bf3401ce3620821c,9ccc65bb9a7f5ca3c449fa7c2f72517247f19d9d21e64c0d4a31fa80f8872ee0
yt_0006_p2_part_023,raw/real/yt_0006_p2_part_023.flac,genuine,yt_0006,yt_0006,none,train,04c7d95aa7922f6db7826fb463a3bf79da43de9ecaad053751a6304d2531c84a,d8c9db6ec770d0bcd42ec86aac080437df7d7d4fce3b8e676aa9804833b42458
yt_0006_p2_part_024,raw/real/yt_0006_p2_part_024.flac,genuine,yt_0006,yt_0006,none,train,01f8bd4f244b7867e73febde4255876ad5df56227e4d3a97eea9dc99066d6b6d,e6a1c5d75f3bbc93240574d384c903bf9372eee8b81e78f75ab6aa27966fe697
yt_0007_p2_part_028,raw/real/yt_0007_p2_part_028.flac,genuine,yt_0007,yt_0007,none,train,b32de6c4aceff1b458f09658df1a11f549ed4af3c9b799e7593d451250663771,ff33117376432f5582f890d1b914c4184ee31a09587b7b5641cb8dc8684ffea6
yt_0007_p2_part_029,raw/real/yt_0007_p2_part_029.flac,genuine,yt_0007,yt_0007,none,train,5b62f28ee49533931523345c33886e2811ca234bd5284fd3b7348acef424d32d,beaae219740c2d7477f80a06e98ac28c9ce58f8d9b442249624b2b59f761ec10
yt_0007_p2_part_031,raw/real/yt_0007_p2_part_031.flac,genuine,yt_0007,yt_0007,none,train,e00a4ff2c749d2ef3afbab68b8bff3e0696968536fc00e7a2e2f4da89c4a2d0d,81ae3afa3c5441b183414ff796f957c129fbb59a00e49446c0da0b7636ed7a44
yt_0007_p2_part_032,raw/real/yt_0007_p2_part_032.flac,genuine,yt_0007,yt_0007,none,train,5f11ac92a816abb9a9d0bd8f443d9977fac0a90fcc6b725c86cf77c297755254,067ad42cd719141b40a1204e7e6bf8f020c787c65a7c0925395859079ab8644b
yt_0007_p2_part_033,raw/real/yt_0007_p2_part_033.flac,genuine,yt_0007,yt_0007,none,train,60c8079f6c68a9ac63376d1cc4146fdef23ce3f242366d024bd64b1f7d57d255,c00fb014c6e74ebe99c481a4ae2765b27cdf054d65db8190f0f79a5fe22e2f33
yt_0007_p2_part_034,raw/real/yt_0007_p2_part_034.flac,genuine,yt_0007,yt_0007,none,train,ae3d4c7e69116f8a2e1e175798db35dbee81b857b647e024949a265768b6e62c,1b0c84749e27e44f866ca9deb268e81a5f59a038a49c8a5ec5406fef41f98062
yt_0007_part_005,raw/real/yt_0007_part_005.flac,genuine,yt_0007,yt_0007,none,train,71efe60347a6dc6f317c3d05dad688299bb60f59d966b02d4933f02cb4faa50a,0a4cafa23f25afddb43110e34de93e2bb9b094348199e1b4be14bcde1c847b9c
yt_0007_part_010,raw/real/yt_0007_part_010.flac,genuine,yt_0007,yt_0007,none,train,a30992773073fb249c54f294d41cd0e3ad316f1bc7e22a90648d0a755dc0268f,53354bfc1aae62f9fcd923c5dd76101337f616a83e4cafd11b4a5eb67e566f7c
yt_0007_part_012,raw/real/yt_0007_part_012.flac,genuine,yt_0007,yt_0007,none,train,3d6b810ee2053243b762c3433367debe2fe7c80643bea71803c249ff3d0dc9c9,6dffb2c265beaccb4c58ffb7914899fc61d9e830829b34ff3287d26fd32f90b5
yt_0010_part_001,raw/real/yt_0010_part_001.flac,genuine,yt_0010,yt_0010,none,train,7c604f62700f88c69b68a9609b49ebd81f97f6a55d9a532580bbe67e14a037d9,e9faf79d7f51ef363b63cb8f4e5fb595ad39b08a5dc5e47a014d5ef746a719b6
yt_0010_part_002,raw/real/yt_0010_part_002.flac,genuine,yt_0010,yt_0010,none,train,523b1b6133744e6a710ee591c49a2f908521aae28a76be60321ab13d7ad27355,a797e8b88b63da8b582e801518aa4379c5c66cc31e321d949bf4c43406c56f3f
yt_0010_part_003,raw/real/yt_0010_part_003.flac,genuine,yt_0010,yt_0010,none,train,87e325c391a1d259a37615f30f9b0d30fd4baa71e9a79b9d43980fb60397e66c,868cdc6023433f066e3666499ad7a6ae728d7479a91d80dc0f3778dcb9d2b9a4
yt_0010_part_004,raw/real/yt_0010_part_004.flac,genuine,yt_0010,yt_0010,none,train,f82cf0eb54e6c686d2e9a7b0efae67186994c9ddbdc74fa801586265aed759ef,3db77aa8f0acedebfcfabdb940b3e80e9510e95f34920cf719a7065add8f3508
yt_0010_part_005,raw/real/yt_0010_part_005.flac,genuine,yt_0010,yt_0010,none,train,bc4475532f4410bb7036146cb26273f7581663e9f21ec80397390a8c2e564c03,a76f251d6ca4140b760b33960014238b0b854fe85efc595fe8102a15a8d1a9e5
yt_0010_part_006,raw/real/yt_0010_part_006.flac,genuine,yt_0010,yt_0010,none,train,757cd376bfa49b6b56e277f4c5146faffee30a520951ffb9194865de7a9e9c39,4359967761c9c8fd9b26ad333e24278bf6baa39c08ff96e1f9e3b0cb6a6c32ca
yt_0010_part_007,raw/real/yt_0010_part_007.flac,genuine,yt_0010,yt_0010,none,train,8654681299966db59d4b80b111464a9896e9df83b9b8340afc713f2eb4719258,75b0f4e0ff1bf6bcc1fcdd9669082caea9adf1d78919a461bc31608679f3b6ac
yt_0010_part_009,raw/real/yt_0010_part_009.flac,genuine,yt_0010,yt_0010,none,train,55fabedd8b6726511a12646dc00cf3a6f97dc2aefb34ca27ddb1c6d9ecb6758b,b4e55443a6f911fcca681f1d6892e3625e13bf6f017b7fb92565d847716626ad
yt_0010_part_010,raw/real/yt_0010_part_010.flac,genuine,yt_0010,yt_0010,none,train,2b550a0aae1105f32df91870e00cd84add8ef30c4137a975ca1ceb6cdf297788,869612902464caa464a74646fe22e2d8ee881d64747be5aade297ace7a5db744
yt_0011_p2_part_176,raw/real/yt_0011_p2_part_176.flac,genuine,yt_0011,yt_0011,none,train,dbd7fb08dddbfd9b359a6a5f7c35385cc8144cd56c32e3c54be1e539b53ebb45,90fee1b3bde8f46376612e59c120e0efbc048175fe086c7af119f9a509a96a2d
yt_0011_p2_part_177,raw/real/yt_0011_p2_part_177.flac,genuine,yt_0011,yt_0011,none,train,6693025ffa37b9b22be574e11d07017fc25ffc6bbf61fa325098a71e779f6836,0a5a1aa63db140199006ce11dbe752a47f08203ecc9eddb61886267570f86089
yt_0011_p2_part_178,raw/real/yt_0011_p2_part_178.flac,genuine,yt_0011,yt_0011,none,train,f36a59378b01692fbef97576542a07cc7da3ceab2b243f9d557de78cfc98c2d4,2ad631ede4a04fbd4c38da22f42c4c223b015910d19eede9fc7dd5caafb27e0e
yt_0011_p2_part_181,raw/real/yt_0011_p2_part_181.flac,genuine,yt_0011,yt_0011,none,train,9c7b3b2c4c2a6b5a0dc1f0072be42514088af8537ea5cc57bfb90b417d36f8ce,ae375009c36c73f8ab3ec077bf0f79600b863c47dee9aba23a203febbfedb688
yt_0011_part_001,raw/real/yt_0011_part_001.flac,genuine,yt_0011,yt_0011,none,train,71191d7b8fc0fe112ed4942713acca14a78539268bc0f7072cbb96d58f79acdd,0b7f04f67b431e36ff51c821e735a2ed0f62be4f18b76ad15d2fce067d3e72c9
yt_0011_part_004,raw/real/yt_0011_part_004.flac,genuine,yt_0011,yt_0011,none,train,3da013fc6db7ec6ead1075a4d2e539fd667f79b849ac649b7107aa21c6b92f1f,76173a15da6c83f162243fce99397a0bd9205f83b1ec700ef028b38a2d9f7052
yt_0011_part_005,raw/real/yt_0011_part_005.flac,genuine,yt_0011,yt_0011,none,train,fd43841de6666a0f661fd7e951203dcdd489fcee60f23deb28debcb55bfe714c,3a1519a20965d4b9cd512d902eff53b30cdd607b94968578b8cb772382c9b28a
yt_0011_part_006,raw/real/yt_0011_part_006.flac,genuine,yt_0011,yt_0011,none,train,dd16d2b95f4b922520f281044f1d77d69109ef183cb8bf786fc62c13a8e39954,1ab4f8585cc8d4caa46db954a11b0bd644be78ea651c4cbfcab50adbadbae1e4
yt_0013_p2_part_112,raw/real/yt_0013_p2_part_112.flac,genuine,yt_0013,yt_0013,none,train,8c3e9eb30eb618710c809a009f815e8d38c53a5138e705a7095af805626b148e,64b0e240c60db0a1ed9c4f86fcdf52ec69f7278157b350e549539410dbed462b
yt_0013_p2_part_113,raw/real/yt_0013_p2_part_113.flac,genuine,yt_0013,yt_0013,none,train,e9f472af9600f9e8018706a778063b54035689b77b9fa8f7b053890b9fa8dca2,9372992ecf70d24435f7a3c721de0325d7d2914930fcd8ebab362ff113b43792
yt_0013_part_001,raw/real/yt_0013_part_001.flac,genuine,yt_0013,yt_0013,none,train,fa78fc98411227e7625efe799367c1c1234aaad64b8d7460ee768743360361db,c59a4a2ae4cb8da815fdcd2587e3f04817e39e50bc4702095d450ef5e2e11d0b
yt_0013_part_003,raw/real/yt_0013_part_003.flac,genuine,yt_0013,yt_0013,none,train,eadf5878c83ddeacdb3080c7240415acf7b344b619031d3201d0117bbdd7d7d7,d07b1b04098679f231e657062ec6206e84e98809ef788797b27928e011ee576e
yt_0013_part_004,raw/real/yt_0013_part_004.flac,genuine,yt_0013,yt_0013,none,train,1d68bc6c2954eff888f0f7e45dae565120886ce364444c3d465bfbd70d6a1219,d1261e16bc63f0b0f6ad8a480735742b357dbc8667c04671e0ba72634e8a254b
yt_0013_part_005,raw/real/yt_0013_part_005.flac,genuine,yt_0013,yt_0013,none,train,9a340582eac7f6614819490dc1d93af9acbedf2d346ca31be0105bd83b1b2249,d970663cdf02830bf93d056dee29c21917cd956c5fdb8cdad1b8e546184951d8
yt_0013_part_006,raw/real/yt_0013_part_006.flac,genuine,yt_0013,yt_0013,none,train,4104fd07998a7241fa7b6c2dea06b99c0535b300deb0c3ab294facc0cae0931d,0a6476ec48d9769f92dcd62be5609f66b1d756caa00179e3fe4aaf5f729b5edf
yt_0013_part_007,raw/real/yt_0013_part_007.flac,genuine,yt_0013,yt_0013,none,train,519fab415c7a8f9309c4629badecc4459d28128213c68d9e6ac03c045728e9c4,948b200242893bb1758ff82cea16ae61a5ff3ac28b1881bf33487466036fd9d4
el_0001_c_part_002,raw/fake/el_0001_c_part_002.flac,manipulated,el_0001,el_0001,ElevenLabs Neural TTS,train,fc03bde119dcf49942ca94c96f3528d544af2f7141fcd0463caf56dcf912b920,fa8b74825d221be9245e57d4322728341bd5a04968182fde8ee26b7cf5fceb2c
el_0001_c_part_003,raw/fake/el_0001_c_part_003.flac,manipulated,el_0001,el_0001,ElevenLabs Neural TTS,train,26b8b07aadd353ffb7867a81781243bb5e36019a62aa4bdfd26b07e87623a3a6,75118fd99fa1b3002b9af0e57d139485f7e15121003f94c95b72a5dbd1710b0d
el_0002_c_part_001,raw/fake/el_0002_c_part_001.flac,manipulated,el_0002,el_0002,ElevenLabs Neural TTS,train,2a25c09d00620c707f153c0d59cf2a9c2f3fc4fa2b8d073236ab499b903cdf06,791f98bfc7e16a356b99388bc25f14c964112b9ebe6923f057dac6172494017b
el_0003_c_part_004,raw/fake/el_0003_c_part_004.flac,manipulated,el_0003,el_0003,ElevenLabs Neural TTS,train,63eb751637b67b4dc13545bfea13880fb20eb4245d66f96278de7a08d7280bdd,ed29cdb17c754a4bff556e20c2b1621cafeddc03067c5df19fcc9b9f0d4f2729
el_0003_part_001,raw/fake/el_0003_part_001.flac,manipulated,el_0003,el_0003,ElevenLabs Neural TTS,train,905b1205cac5cc5f2e23eda6a64edf67f8de47b5467e39a3193688a3d7633824,15ac2329a7da28be34eb710aff617e50e2d430dd3773f06433258b8faa154809
el_0004_c_part_001,raw/fake/el_0004_c_part_001.flac,manipulated,el_0004,el_0004,ElevenLabs Neural TTS,train,d893faa9dfd56d62b830c9165f91d630d093f64e3bca2e574fed888013bb64c4,28c821bec85da525c406d4fb5b237ed75040e61cbd8ebeb33d4f851020dd9253
el_0004_c_part_002,raw/fake/el_0004_c_part_002.flac,manipulated,el_0004,el_0004,ElevenLabs Neural TTS,train,667c7771001ace6a71c3d46e099c4bd352da488d0d61730d23d1cc350db9016f,4f80914f7453d650814041dcb1e71a90d7bd9ce0f4106785b74fa1cdc0f49216
el_0005_part_001,raw/fake/el_0005_part_001.flac,manipulated,el_0005,el_0005,ElevenLabs Neural TTS,train,29e83eb4721574cb5856adfcde2c8ca86bed5a16e28e9bcbe991aa8ec011ff78,ecfeff5fa1cdd2194053f00566e9d0df54f7e75b897c4dcee881e4b36e89ddd9
el_0005_part_002,raw/fake/el_0005_part_002.flac,manipulated,el_0005,el_0005,ElevenLabs Neural TTS,train,aa47ddbe0e9202f70d6664957baf2c7c38b79750a80bc2f49bf57fe55b84e6b2,596add0ce595fbed0b66a56a1e99b0ef3874f13f0dc09020dc0032c2d7adeb04
el_0006_c_part_002,raw/fake/el_0006_c_part_002.flac,manipulated,el_0006,el_0006,ElevenLabs Neural TTS,train,b0f309f5b5668aadbeadbe7edb8a440ae280993bf44a49a334719e0a936d5a90,9aaa2d88e19702b5350dd7e23ac1ed2cc62ea8acf3a901a564c1da2e0aba77b0
el_0006_c_part_003,raw/fake/el_0006_c_part_003.flac,manipulated,el_0006,el_0006,ElevenLabs Neural TTS,train,810b033f668bd0ee1acb6ba146cf547463e1a1f9216ba6053abdd3315e717f82,4c2a561148b02b7b421970f31f5755b513cc8bc5a26de56a333a1294d0df0c19
el_0007_c_part_001,raw/fake/el_0007_c_part_001.flac,manipulated,el_0007,el_0007,ElevenLabs Neural TTS,train,28dbe11765c1dc3262e5617eed6d799304688c97175e4f20b32176396b150aa9,6c21663f6fbb720f6e4490472aa39101803fcccea79ef2b385b0aeaaf7885aed
el_0007_c_part_002,raw/fake/el_0007_c_part_002.flac,manipulated,el_0007,el_0007,ElevenLabs Neural TTS,train,c166242c80f31c6f5754c77b236dcbc64f0b233bd7ac20273211f307c20ac848,39c30f558ea020541028d7da6128002f726f97da8e65476f662ecb2dd3cc8b5d
el_0008_c_part_003,raw/fake/el_0008_c_part_003.flac,manipulated,el_0008,el_0008,ElevenLabs Neural TTS,train,2a068bba182881ff325ac3ed6194f2f448235d65659dd2a2104e278347a3d358,6899e358b55e2cd8dfaeb1f0c57dafad4bbdc487c06028c20ca16e93077398ab
el_0008_c_part_004,raw/fake/el_0008_c_part_004.flac,manipulated,el_0008,el_0008,ElevenLabs Neural TTS,train,a17ba54734e7da641eb7330bd248d0cec7ebce926953d7d756472ac241b61e68,6414210d3a27373baf14caf8d830a2a604cfd80336c29f5a5823b1164548cd7a
el_0009_c_part_004,raw/fake/el_0009_c_part_004.flac,manipulated,el_0009,el_0009,ElevenLabs Neural TTS,train,a6e055b8c580d83c743e989083cd8a643c2a3f2806af34d031f0b68e36a07cff,2c451e72f97335e57ccdf9b44ef40d6afa046aba1fdc9ddcaefc471631fad265
el_0009_c_part_005,raw/fake/el_0009_c_part_005.flac,manipulated,el_0009,el_0009,ElevenLabs Neural TTS,train,e6222382de1f7d00b545f61bff25f35777bdf2823bee32aaee734e2710c62764,ea0fd712434fb0868bfa6b9bb43dd03d972948c90f0afc8d590468b92c22662a
el_0010_c_part_005,raw/fake/el_0010_c_part_005.flac,manipulated,el_0010,el_0010,ElevenLabs Neural TTS,train,2c7026bd6008762fb716d94f9bd11a273cad6e12774ed34bea3e49531c015008,48ed98872feee5ff93906d1f78aec906ddf644ae9aec9d01409550b08be87b39
el_0010_c_part_006,raw/fake/el_0010_c_part_006.flac,manipulated,el_0010,el_0010,ElevenLabs Neural TTS,train,adf9f42bc83a1483cef6b410e2c8ac242dfb2dd1bc22543fcdcfd5f35c2fc17c,e6fe918efd233d34348cabdeb0cd176ca7dfe795eb4c9f99fc5267207c040486
el_0011_c_part_010,raw/fake/el_0011_c_part_010.flac,manipulated,el_0011,el_0011,ElevenLabs Neural TTS,train,dd0f8cced80d763d3a9ab501882d03e5c3283841fa4448fe5e93467fcb0f3ad1,cce1c483e485bf735099accb336a35f1080464df40febd032f1c8500bd9116f3
el_0011_c_part_011,raw/fake/el_0011_c_part_011.flac,manipulated,el_0011,el_0011,ElevenLabs Neural TTS,train,b912fe57053ff0b76c917c25f14cb44b47e44f8fb2d30442abc25132e7f58335,f465819940f4c322cb483b322739a62c71c5d209e4b5fdedd168f694f7d40975
el_0012_c_part_008,raw/fake/el_0012_c_part_008.flac,manipulated,el_0012,el_0012,ElevenLabs Neural TTS,train,bf11cbc3fe1e8ec8dfa377566dfa8f6d360fac1287c4e4d27c34402a337cde06,068778db39d9d7689137c182153c58d97f5dedb1aacbf7cb2e33cf4f70e81c2b
el_0012_c_part_009,raw/fake/el_0012_c_part_009.flac,manipulated,el_0012,el_0012,ElevenLabs Neural TTS,train,93ac3ae2f290143537662aaeeaefa03e412959f2fdac18136fc758cc6a9309b4,a83ca2e1d964b0be57d69b6dddd917164dd765475bce293731bff068d04ab0dc
el_0013_c_part_007,raw/fake/el_0013_c_part_007.flac,manipulated,el_0013,el_0013,ElevenLabs Neural TTS,train,a5be9b500028f25f6b16d4c58ab7bf6fc8e1bd3339d3922f34b3898cab37a243,4ef220769b0e7a97a59b4f0613bcf191232746fe9fe79135c5b8695617a820fb
el_0013_c_part_008,raw/fake/el_0013_c_part_008.flac,manipulated,el_0013,el_0013,ElevenLabs Neural TTS,train,6486923347d86ce007d7b38ffbde90241b557a3ab6d33a8c20a1c93ed66d72a8,50d29d40d11f926a2f956a2465978ae691279851fb5e4817d7f4bc70bebb3ba1
el_0014_c_part_004,raw/fake/el_0014_c_part_004.flac,manipulated,el_0014,el_0014,ElevenLabs Neural TTS,train,19ee390ad91552ce15e07af7ff96f007f91f40459022675167239c7431429320,eb1bfa3e824fd5ef76f83bcae873678add3edd597d1c00c55f79b86248eae084
el_0014_c_part_005,raw/fake/el_0014_c_part_005.flac,manipulated,el_0014,el_0014,ElevenLabs Neural TTS,train,f7ddc13db87d04333572f7bf35b8cc90858dd770dab728bae9e70b2c01f76773,7980bae14b3f8078dfadc6dad5274addb73acd9ba9a37df4ef19a0b7d27bd26c
el_0015_c_part_009,raw/fake/el_0015_c_part_009.flac,manipulated,el_0015,el_0015,ElevenLabs Neural TTS,train,f8cc2984d267e2ab31f18eb8adaabf6e584ff97879a8ceaffcb3877b1331b5cf,3c5ee718646ea93785f37da743f536d7cb273624599531dfc22df5b453aa044b
el_0015_c_part_010,raw/fake/el_0015_c_part_010.flac,manipulated,el_0015,el_0015,ElevenLabs Neural TTS,train,10f4f0ecb268d9582798055e4e6863848bf3a5b6740e9e37d1d1145af7f3fef7,6ed6390b7823e19706e3cb751dd602433a68568d6723253398c12cd830996c51
el_0016_part_001,raw/fake/el_0016_part_001.flac,manipulated,el_0016,el_0016,ElevenLabs Neural TTS,train,ddd6e3401a2933b79828187d7a1915a8aed2ab41f7c6d369c7ec1f3f61148269,ad5fd365b5934d40b256a30e7a5eae60d6959ae69446e815b171095714f18395
el_0017_c_part_002,raw/fake/el_0017_c_part_002.flac,manipulated,el_0017,el_0017,ElevenLabs Neural TTS,train,74974ac8d0dad96a1c3ee73b66ad8710ade05ba455e08c1d9c953b7c045ee983,dc781af45512d8e2841080a0bad8d27a0c350637bf7a44b4d31566697f536a7c
el_0018_c_part_001,raw/fake/el_0018_c_part_001.flac,manipulated,el_0018,el_0018,ElevenLabs Neural TTS,train,6295b7ed74ba1f4e5f1a51e1ca58cfc261a568ca14d995f7a19e99d2244bfb51,43a86fc13c448fa0f731d3440a5fa7a07b5f6123f01de84625a338e19a07585d
el_0019_c_part_002,raw/fake/el_0019_c_part_002.flac,manipulated,el_0019,el_0019,ElevenLabs Neural TTS,train,fa03c308a06d370b8c67cd269d1a6293fbaf4ed5f20d52637f85ab278a1e2c05,5bfe5a421e7a5fa9fffde3bc2484eaa4dedb95194cfd8f344947d5533311013a
el_0020_c_part_002,raw/fake/el_0020_c_part_002.flac,manipulated,el_0020,el_0020,ElevenLabs Neural TTS,train,9702c7b4a63e3cc11ef3f675f360b28a7ac092cc8c53d7f5a567f5d018db4b98,3c82046b06771ae354984132723352b223e2be867f0962ff21d507d7329b63e3
el_0022_c_part_002,raw/fake/el_0022_c_part_002.flac,manipulated,el_0022,el_0022,ElevenLabs Neural TTS,train,d8203e5a2ab5555583328d49940e79cb365ae27cb8470234e691c85d1760b931,8eeaa95babda1f0ef2a7443925c27e9fa93674d914a761b4b26198396d85f525
el_0023_part_001,raw/fake/el_0023_part_001.flac,manipulated,el_0023,el_0023,ElevenLabs Neural TTS,train,dda19e3c139cbb25887b29b010f0b699f7ebb75c71edd78b6d0de224aebe4d5a,88c1f4dbb44aa68eb43b1eed84cd11bad6622b1caa5e270f5b37ccd5392f2524
el_0024_part_001,raw/fake/el_0024_part_001.flac,manipulated,el_0024,el_0024,ElevenLabs Neural TTS,train,0e36a229619eaa48695e0a6c4b6fe36e948afeb30c9d4be6d45ed8084c6d8583,6e97e30c180a29aecbca4a65f751f642ecaa28ce737bbe9ed6981480c548b5b3
el_0025_part_001,raw/fake/el_0025_part_001.flac,manipulated,el_0025,el_0025,ElevenLabs Neural TTS,train,ac79ef759662384d95b3c07aeea661674816763a138efbeb87a2d24afa18c76c,8f7557d64885a28f8c0ed85495afcd09c834ad3308c2c763d1f4e41328651c50
el_0026_part_001,raw/fake/el_0026_part_001.flac,manipulated,el_0026,el_0026,ElevenLabs Neural TTS,train,635e29a7cf6403f642a76e77597ea86097f65967c13752f0e431c644750e934c,623da1ddab5dfb7577ff36f7517ffb5b4ab8c282359fbc6217db7d258c139a84
el_0027_part_001,raw/fake/el_0027_part_001.flac,manipulated,el_0027,el_0027,ElevenLabs Neural TTS,train,cac0ce166b4fde9532330439a7b105f7f6befa8065599a944e822f50d5b0d58b,ce599aa1f1727dcfcd74d225b88065995d7ad48e57646d8cc060dc85a8ae4a7d
el_0028_part_001,raw/fake/el_0028_part_001.flac,manipulated,el_0028,el_0028,ElevenLabs Neural TTS,train,6483e5ddd1c592aafd9cd484d131f59d5019b4b556ed476732584a939b1850e1,017b12ddff814135d48a8cd5a483f72c22ca51a426ebbb7ad6f8fd16c0b811d9
lv_0001_c_part_018,raw/fake/lv_0001_c_part_018.flac,manipulated,lv_0001,lv_0001,Luvvoice TTS,train,f1a3ca6cbe4e0d7022d1644748985c83a0289273cb5874fb0cd1bd275ff72a19,801f2584516ae4661b598c37a493e362f9c6cd147c068f20273afd3103cefe1f
lv_0001_c_part_019,raw/fake/lv_0001_c_part_019.flac,manipulated,lv_0001,lv_0001,Luvvoice TTS,train,f6f0bd8bc1cf840310cdf203997d039f5b16b576002aac3fa5134f2f965a4a03,c71e192d03abeda8be01f6d4d35ef5afc9ccc472f8638d6eb6eff63616386ceb
lv_0001_c_part_020,raw/fake/lv_0001_c_part_020.flac,manipulated,lv_0001,lv_0001,Luvvoice TTS,train,02e5c1e4e57550513aef78c1ecc2f571917ac7c05491af17d0d55b3504e982c9,e86a7ede61bc80f069a0f014f4507af72387d23b41b0ef88f3794f73e92c1f4c
lv_0001_c_part_021,raw/fake/lv_0001_c_part_021.flac,manipulated,lv_0001,lv_0001,Luvvoice TTS,train,96c0887183d17de19a8b3663036193e6995ad657949971ae0ace0b407ccf5b8a,8553e7551488006ca609d77c2a131c6b43437e4a29ac2ca8d15d49598b110184
lv_0001_c_part_022,raw/fake/lv_0001_c_part_022.flac,manipulated,lv_0001,lv_0001,Luvvoice TTS,train,93abe90663b59235f37c444b3838e39f2e840d1547ccc74dcedf411bf1f4cc28,8f8e33d8b7cfba443135b9d8d34531d58cb778ea00b04649c24b29760fdbb3a6
lv_0001_c_part_023,raw/fake/lv_0001_c_part_023.flac,manipulated,lv_0001,lv_0001,Luvvoice TTS,train,156aeddb2eb1cce3e5bad68810d41b278cc8f3fc91c0c9372e0125cfa5d58390,ebf14a378b40332c072d685fe16798abace960b20653871d5f3c38180c14ff42
lv_0001_c_part_024,raw/fake/lv_0001_c_part_024.flac,manipulated,lv_0001,lv_0001,Luvvoice TTS,train,8b6b7ca1e4776311fe0734d881728068b1c21a628cfc6ff171eee1e414ad3575,0db02ec6474e30daaad7f4d19340b5943a4f3b7618a9847e61ee5419af0de4dc
lv_0001_c_part_025,raw/fake/lv_0001_c_part_025.flac,manipulated,lv_0001,lv_0001,Luvvoice TTS,train,7642a26731b072592ae221950a70e59343d293f529ce5c924379d458484f239b,b4d8dbfef71066521a98de6a722fe73a34719b63a6ac7edab3f415c4c6047c81
lv_0001_c_part_026,raw/fake/lv_0001_c_part_026.flac,manipulated,lv_0001,lv_0001,Luvvoice TTS,train,685f006e68667ec3024589babd7837aa7fc893fbc973f461f6a0deef395d4861,e3c5738e0b660592ee8ce79cad6812d6f624ce7a3006ed146bb657f2a270b258
lv_0001_part_001,raw/fake/lv_0001_part_001.flac,manipulated,lv_0001,lv_0001,Luvvoice TTS,train,3bc3f093f82bf1a89efadb02abe9202b442fd5634fd4a350db1ab10edc924b9c,6733a2ea280027c5cac9d3655167507d0ce470a263ff6abc47c6adee417d242d
lv_0001_part_002,raw/fake/lv_0001_part_002.flac,manipulated,lv_0001,lv_0001,Luvvoice TTS,train,24c7aaa33db21ebe70c174c7e0c212e39386a8053c0f102ac7b44d9013e72e84,a9e070f7664045d06b8470b0f82de487122ce673eb088b2a5df8f3b27285b525
lv_0001_part_003,raw/fake/lv_0001_part_003.flac,manipulated,lv_0001,lv_0001,Luvvoice TTS,train,dc521b48f63b8e2668aa4046e6da7054f0c14fb43957bac3ddcc768c9f2140e6,b3de150807ec2fdd6920afbb4647001ea3e909d7fdaf990fb8597f538779db93
lv_0001_part_004,raw/fake/lv_0001_part_004.flac,manipulated,lv_0001,lv_0001,Luvvoice TTS,train,1ee1f800f0ac330a7cbd6e221c2137bb47b9eb7f2bdcc1e17abc5ea46aa08e8f,d6535f8fa6d5269d11b4ad9caa2da98133d2a9428614f47f021c567fda5d9cfa
lv_0002_c_part_010,raw/fake/lv_0002_c_part_010.flac,manipulated,lv_0002,lv_0002,Luvvoice TTS,train,a39f6743daa117ee6010b204aaca12a58f00299b09e7a7c59dee7cb95bbd4f53,32d1b0bcb344330ce8196f96aec0dca3c60996bdb8e2cbcd68d414c13d35b9b0
lv_0003_c_part_013,raw/fake/lv_0003_c_part_013.flac,manipulated,lv_0003,lv_0003,Luvvoice TTS,train,e2cf59cb6441a1f55bead47e24979e77731d58217a71752fbc0160d849466b57,74b9582b355c2f6365432f74edff42791e79fe7ecdc5d0d531e8deeb909e09d7
lv_0004_c_part_021,raw/fake/lv_0004_c_part_021.flac,manipulated,lv_0004,lv_0004,Luvvoice TTS,train,0d45a3d2fce8cfb993acef5cefd76da8bfef6a2b89681870fc561f718b9074db,8493067fad03c73a93b0343fcaba93c6bf07483240de16a321b380c3c3b69cab
lv_0005_c_part_016,raw/fake/lv_0005_c_part_016.flac,manipulated,lv_0005,lv_0005,Luvvoice TTS,train,fece41f033b6164f03dd72b29d61a27fcea7a9fee6450afda8a8b6a90520e7d9,ed39c446f4ff75c645c3f319d14e545d22a962e2e13f0e8f35c4c520d31c6b4a
lv_0006_c_part_021,raw/fake/lv_0006_c_part_021.flac,manipulated,lv_0006,lv_0006,Luvvoice TTS,train,0f093a8a027b83c55d48cd004af32c01290692b52529c89b2445878efc22167a,7f1194ccb4e6010f20852b1ea437afc5a0067d308d9261f67ee84f31b97f51b2
po_0001_c_part_001,raw/fake/po_0001_c_part_001.flac,manipulated,po_0001,po_0001,Amazon Polly Concatenative/Neural,train,9ef46b0e96a307de651c9205d2592d4972924c34bb3e298d7ffe7e313f85b7d0,b6769021d2b0e2d7d2e594402790ebbc4cf4acf5eedbbb146ee0d22b80350c3b
po_0001_c_part_006,raw/fake/po_0001_c_part_006.flac,manipulated,po_0001,po_0001,Amazon Polly Concatenative/Neural,train,cc932c3ff4b2a06f6eb4c2de045c34a3a187063c3e34b66c258da50c4563708a,1bc8da2cdbd5e753bdf6005d0a049f69ab2749dfcf6511bb3de4e3e9ce4694ab
po_0002_c_part_002,raw/fake/po_0002_c_part_002.flac,manipulated,po_0002,po_0002,Amazon Polly Concatenative/Neural,train,6c17b4cad19755c479f90e8dfdeee9dfd51a6a7d2b413fd65b074f33fef1403b,83f7d8283b6778ac1fe27b021a98b5cf5d10b49fccb0e0cef9899fe63ad50e70
po_0002_c_part_008,raw/fake/po_0002_c_part_008.flac,manipulated,po_0002,po_0002,Amazon Polly Concatenative/Neural,train,b0cac32f58d7e66554bed6bc4fd68c86d59849a50ca5c2780b2420b7b6f46018,b34f58b026fe98e1f6a24f7a4094e97e26eedca9ebddb092daeaeca2078883bc
po_0003_c_part_001,raw/fake/po_0003_c_part_001.flac,manipulated,po_0003,po_0003,Amazon Polly Concatenative/Neural,train,2d6d831e05fff973c28785ad52430059a86f9339b4c2f7ee376b390f75a64450,f68394b8695e7a8049a22f43966a7c3094dd5add4dad50a0f2616c4d9b199a9f
po_0003_c_part_005,raw/fake/po_0003_c_part_005.flac,manipulated,po_0003,po_0003,Amazon Polly Concatenative/Neural,train,af5b9d3712190554641cfa248cba75418aa928601bedf8b79e6c3d0ef57cd2dc,8ee37bbd43b0c97985a5024416279a21db2490358031b662a9b91ddf0e5ae687
po_0004_c_part_001,raw/fake/po_0004_c_part_001.flac,manipulated,po_0004,po_0004,Amazon Polly Concatenative/Neural,train,0f13a45f546039b6e5d3172b6599c733860da4922d4b7ff5b46b821bc99f8aea,6496544ba4d329e44c0d9b77358847206af9d98d44f78292af19dc512417326a
po_0004_c_part_008,raw/fake/po_0004_c_part_008.flac,manipulated,po_0004,po_0004,Amazon Polly Concatenative/Neural,train,68471960d3e9e8e200223762f91fe3caf56fc0a61335946c1431970472884af8,0b939f3a237465e9592660a2b2fad3c61c5c5df15d80b4ebf2db0762905b8171
po_0005_c_part_004,raw/fake/po_0005_c_part_004.flac,manipulated,po_0005,po_0005,Amazon Polly Concatenative/Neural,train,bc1298d269e9ee8deec05139ddd697be262757188dd49a9b8f7ce8f3c197cbfc,d18d7cab4064cba3e7b902d7a438d9ee391123c7a69d4ed46c94e69e7c9b6bfc
po_0005_c_part_005,raw/fake/po_0005_c_part_005.flac,manipulated,po_0005,po_0005,Amazon Polly Concatenative/Neural,train,604aa2f141a1a317f4784603c9fa60452ee7d355b0f2be490069e97ef5e345bd,316863bb78bec1ae383967d52eda1150dd8e945e8f22826e34aa088e848e8c93
po_0006_c_part_006,raw/fake/po_0006_c_part_006.flac,manipulated,po_0006,po_0006,Amazon Polly Concatenative/Neural,train,c4debec78d20c4f7ddab69fbbdb7e939fca3daea609b7ff3ed8458336337c705,0a4e45b2a1c856e1249ca7e12d4693247f9d98470a236f7b74169458c067a349
yt_0002_part_003,raw/real/yt_0002_part_003.flac,genuine,yt_0002,yt_0002,none,validation,6fe9170a8779c1e3275881ededec09470abc7d155d5436bda46368019af69520,ee19f8cb714a7b6c48f475833725cbe35e9bf048ea3f764049518bdcdeee0ae2
yt_0002_part_004,raw/real/yt_0002_part_004.flac,genuine,yt_0002,yt_0002,none,validation,573cdffd78693942758a7c8c5603a5f11d79eef19e8e93834263c72f4b134300,e699e4c39055b05d2e9e6568be937ee3d5991dc729b342f32f491d54567851b5
yt_0002_part_006,raw/real/yt_0002_part_006.flac,genuine,yt_0002,yt_0002,none,validation,fd114fb7459a74a8b0ef67aaaec747c0e28cd59000d9f0a360376bcf50d9ae19,321a98841a2e83cc70a698a61a5b5c00c458da824ea6b7244ec96291510ef6f8
yt_0002_part_008,raw/real/yt_0002_part_008.flac,genuine,yt_0002,yt_0002,none,validation,7058ad92700e4af2c6d95e063d09a5be90be6cf9710a24d3a99ea6cc3a5e4589,7ef6ef6c5ac149fc30c6491f0be477e669d90a1f7bfd0f8b36d36f3e6c14d000
yt_0002_part_009,raw/real/yt_0002_part_009.flac,genuine,yt_0002,yt_0002,none,validation,2849f3eef5ab20acf4ab87d6f6917227891ead109590240341fbe81507cdc480,1a800a3831ebf1485fcbca6b26a7d97e30d76ed48f082511c3d945079b0f87c2
yt_0002_part_012,raw/real/yt_0002_part_012.flac,genuine,yt_0002,yt_0002,none,validation,0a9fbfe67808f52da05169de13ce82747e5b2dbc9305c1a05db6d5d7fcaba929,171feb440d01ac7853f1592875d43bdbf56ded4864d98e019f192afcb1579759
yt_0002_part_014,raw/real/yt_0002_part_014.flac,genuine,yt_0002,yt_0002,none,validation,8fe5f487d8ecc47310d8500fa6478b5615f97cbb27aa7be4c7119c4edbb027a1,c228aa2a9247171cb2858618bf4412889b65522bb4bc713c4ecd30f6c755f498
yt_0002_part_015,raw/real/yt_0002_part_015.flac,genuine,yt_0002,yt_0002,none,validation,1a1d550d991065113bc61623d61537d9ea93d7bbeaae69839c09b070972b24f8,242ffda8b3840be88203339c2974cd46f7ad72cfa58bf421714ca30c0d177573
yt_0002_part_016,raw/real/yt_0002_part_016.flac,genuine,yt_0002,yt_0002,none,validation,29f7c0ebd8179def28751e460f36275a68870581f00219a7172e0f07932546b0,79e6caa50a40b88555507790dd375d53ed465a52f62ec6fed687d1acabf57a66
yt_0005_part_001,raw/real/yt_0005_part_001.flac,genuine,yt_0005,yt_0005,none,validation,b2d3ecdfceb07dbb86015d97bfc313eafa19ae12685dfa79df2115d46655d16f,605e158af2a7e74c8ec24a87845f6278fb721c95392699c75cc9700514f09351
yt_0005_part_002,raw/real/yt_0005_part_002.flac,genuine,yt_0005,yt_0005,none,validation,ef3732c2cfcd587d45a89b816a5fdc966e79dd9a2c95eb13695704a212888211,523e1bc2482eb5c149d39d943c0501d985e161128eaf1ef751b88df33a00ac0c
yt_0005_part_003,raw/real/yt_0005_part_003.flac,genuine,yt_0005,yt_0005,none,validation,62beed4f5b36616848800f010c0c3ca8888943ebb51802f9fc297467537008b9,c64cc82e4e64e5f4313f4d1cbce3a0a3962eef80a1e9edf011808ff811356d99
yt_0005_part_004,raw/real/yt_0005_part_004.flac,genuine,yt_0005,yt_0005,none,validation,8c381b99de4f350a1c369fcd83298475e74e3ce5814bf11c80b6324396f14bb1,8782634c02a73b9078edb1962f8d3ea5d7a6d6d342e5ade44182c750f882bcc3
yt_0005_part_005,raw/real/yt_0005_part_005.flac,genuine,yt_0005,yt_0005,none,validation,11b1b7ec57321fc3e17b2b9c8a5876a36565965f9977ed40b59fc4bc169865ad,9f207b484e65b39777b927a4eb168569a65b551ef8dd07d0224c70c362268c5e
yt_0005_part_007,raw/real/yt_0005_part_007.flac,genuine,yt_0005,yt_0005,none,validation,0a93c672d6f58d8faf37dc22a1dbb85db1236e5573fa5030d3360970ec773549,a72e60b7739d93ab1626b9b6e8f109124edf0b67fadab188cc0e357b41d863a0
yt_0005_part_009,raw/real/yt_0005_part_009.flac,genuine,yt_0005,yt_0005,none,validation,a975b05195532c1963725a82b1c89b398d9146c2a7c77b68fb9ec2816c5f581e,b55b266fbcaec285d94af86df6df84bdbe963d583963c798918bc96efcf262af
yt_0005_part_011,raw/real/yt_0005_part_011.flac,genuine,yt_0005,yt_0005,none,validation,8074e85c0790b6f928b5cacfd0b352c6ab2c1787960bd4e3ee35c69968638984,bfc8afe3afcb4ea450a1a23c1fa3481702094b9c4efa88487da96e2bd9823d92
yt_0012_p2_part_173,raw/real/yt_0012_p2_part_173.flac,genuine,yt_0012,yt_0012,none,validation,cfdd9f733f47b5f44d8d9413c8323ade99a16a185b0fafa5c4ef5dda289ab1e5,d3035f3ceaf674298fe1a28e4231e21dedf417fe701804d0dbd1614de58606ad
yt_0012_p2_part_174,raw/real/yt_0012_p2_part_174.flac,genuine,yt_0012,yt_0012,none,validation,6f7b7f737223b94dfb391d11a8a13c66705975f119cbfa7b53280fcf0e7941b2,c22f4562dda086da60d9ea818fb253f53b3705265fe1fc85849a623a909d2539
yt_0012_p2_part_176,raw/real/yt_0012_p2_part_176.flac,genuine,yt_0012,yt_0012,none,validation,48bcbba8548d5744b2b27a5eed7b46317a82050974df1e9a245ecc03e4605c4d,c8e163ff7f284bf6346f3ae7ac9f4244c172c9d385f49afb0086181994bd86a1
yt_0012_p2_part_177,raw/real/yt_0012_p2_part_177.flac,genuine,yt_0012,yt_0012,none,validation,bd7fcf03296dcfa6381940b7bd007b350a7ab401685e7dceefd1732c0cce4474,4391e0d30b5cbe74709950aaa253085e4f6d8468a85e7d9e0972d1d4c1bfbb7b
yt_0012_part_002,raw/real/yt_0012_part_002.flac,genuine,yt_0012,yt_0012,none,validation,1957f1917779e95fb652414e96ae86061aed1264c369260b298b46935ff610c9,5404eb766b2aa583fa179c9fb4314533d01bacc904c61ea97329a1a3474311b7
yt_0012_part_005,raw/real/yt_0012_part_005.flac,genuine,yt_0012,yt_0012,none,validation,99794aacb41d36c0497de805b352a82f926c07cde230992c22545cc690bde33c,afaab7ab20056d70a209dc3cc61a044350329a99c4655365a8d69a4ac88ac2ea
yt_0012_part_006,raw/real/yt_0012_part_006.flac,genuine,yt_0012,yt_0012,none,validation,85d79f03a63a3e44b0364b6859d1066a6715e78079f0dcfd7ccdd373952b9d6e,4738d7ba20b7d129e91bb9f0203a2ccd08eef1da45d5a2a0d3a9fe097d4e8441
yt_0012_part_007,raw/real/yt_0012_part_007.flac,genuine,yt_0012,yt_0012,none,validation,7120ab055d31bccd3dbee13626a5d06c4a158ca9053084f156b5f3052fd511d9,055e940b3b820bdbab5a50aa116db9af438bc27e754be2715a83a9ba82c80a15
po_0008_c_part_007,raw/fake/po_0008_c_part_007.flac,manipulated,po_0008,po_0008,Amazon Polly Concatenative/Neural,validation,938cc4314996714619ea7510fe7a6ce078190e77ac576eacb6d6cab0f9b348fd,d5bef7cdfc1b6d96ca3c799c6d3e71a462fa5ff8659c6fbb96cee2b64b6baa8e
po_0009_c_part_004,raw/fake/po_0009_c_part_004.flac,manipulated,po_0009,po_0009,Amazon Polly Concatenative/Neural,validation,c14d1d0257febc573a124c37a56651a7365eec25f09db35cdea16d32e6152537,1ae1913bf8b78a77e7e382ea96c34050bd021fcdb6932df957c5f0393c53f113
po_0010_c_part_004,raw/fake/po_0010_c_part_004.flac,manipulated,po_0010,po_0010,Amazon Polly Concatenative/Neural,validation,dad2e786247363aa380f29193f8097298e2292c2594dba838e6a9053335c57f1,61ef6d9214034ac1b4b737d446d30ddb1ca1ceaa2244e34bdd1d4054b93f4f62
po_0012_part_001,raw/fake/po_0012_part_001.flac,manipulated,po_0012,po_0012,Amazon Polly Concatenative/Neural,validation,4aa6dc044653a7b3c1836fd7428d26d7c024a80752d1869756ad557c58dfbb6a,7afa2aaf433c9c7f87f5860f5b4f0672efaec03109121df21c7b9d37c2041ff4
po_0016_part_001,raw/fake/po_0016_part_001.flac,manipulated,po_0016,po_0016,Amazon Polly Concatenative/Neural,validation,8b528c54ff484a74f314cd440a3187b445ddd84572781d6fc998f499962b3eb6,c86144ea36f750dfc4103cb32324d6afc4259edc458f3a04e4e9b5a9ff14403a
po_0017_part_001,raw/fake/po_0017_part_001.flac,manipulated,po_0017,po_0017,Amazon Polly Concatenative/Neural,validation,57a83d900ca7fd59bdc5c502e6842db486e27ce7f459c8ec8d09209eb2373753,3510ec128c46a2dd34d7d5d67a54eb50b00acf95e8619e7d3a81682070e56375
po_0018_part_001,raw/fake/po_0018_part_001.flac,manipulated,po_0018,po_0018,Amazon Polly Concatenative/Neural,validation,a696ef414f985eef5c83d0b0ce346d6e7ca2f50a058db1c0338403e757dda4dd,b3739cbe2f0f3c3ea0582c7daa937692c4aaa6058d5d1534a48ed3a751f39648
po_0019_part_001,raw/fake/po_0019_part_001.flac,manipulated,po_0019,po_0019,Amazon Polly Concatenative/Neural,validation,e1f867591fc4e143e83daf5e1f91e08efb29af524bc7119d5db695fd2654c1c1,257703c832afa0335d023a5b9c691946e5724e3fdd8ff6a3d5c8f053af658d5d
po_0020_part_001,raw/fake/po_0020_part_001.flac,manipulated,po_0020,po_0020,Amazon Polly Concatenative/Neural,validation,ed08f1d7481ff5bbbc488c8cad94c9247a63c0cb1eea55734afe01cbccdcbe99,9b79dd596d57ae4e0a2990b35982496528ee2431ef345098eac65439e0734174
po_0021_part_001,raw/fake/po_0021_part_001.flac,manipulated,po_0021,po_0021,Amazon Polly Concatenative/Neural,validation,b0ed0da793851d999cff9d9f277fe027a21c22de6a117f46812990e4cb2edc5f,048854f80226cc079fc02d0df9d39dec900568ac6b9682312338ab0038be1f3e
po_0022_part_001,raw/fake/po_0022_part_001.flac,manipulated,po_0022,po_0022,Amazon Polly Concatenative/Neural,validation,6c3ba61f5f25a0fef3e3efa9fd57114e25a37adf4710b51ebd98599a7178d673,26b118a744a814a1a7e2236d8dc1fb9c8b3abda997161cfd2d9b1cb4a66ef830
po_0023_part_001,raw/fake/po_0023_part_001.flac,manipulated,po_0023,po_0023,Amazon Polly Concatenative/Neural,validation,5eb4b95f7b5fd86eb4da93bcd410248184721f824667692707d481e398372da8,d57a171314ccec6838e279bc129308c187b364b38f3ed4e4c6e26f7f48bdcdfd
po_0024_part_001,raw/fake/po_0024_part_001.flac,manipulated,po_0024,po_0024,Amazon Polly Concatenative/Neural,validation,01c6caf25450e9b940822d11908a1ec067fe3df7291dc593eb26b75729653fc2,301e034b26425abf942fdaf9b359ff72dad2e6df74397419613bd3acbb7c941e
po_0025_c_part_006,raw/fake/po_0025_c_part_006.flac,manipulated,po_0025,po_0025,Amazon Polly Concatenative/Neural,validation,ae0d60355662c9667f890470d82cefb26160b0ed4e1bcd5ce9fd92c922408a8c,4e17e60f098b3be1e1f1f269ae08abfab23b7dba6df894174df720ce6e55c745
po_0025_c_part_007,raw/fake/po_0025_c_part_007.flac,manipulated,po_0025,po_0025,Amazon Polly Concatenative/Neural,validation,f5bf1f21bb067445da3b372370239a3d01df4ccc2d519bad710108316a03797d,9de49baf8e3d2bbd7e0a8f3fe569ac3e5d7cf77883f9ab56f8ff1cd7e86244bc
po_0026_c_part_007,raw/fake/po_0026_c_part_007.flac,manipulated,po_0026,po_0026,Amazon Polly Concatenative/Neural,validation,a67e0c918b06409a9feaf2195c234397c73fec9577acbefe91832edfe156ac53,8c55ec00136fc1ef0dc693764fcad0e8af2f907a267514afe0863d0956efe985
po_0026_c_part_008,raw/fake/po_0026_c_part_008.flac,manipulated,po_0026,po_0026,Amazon Polly Concatenative/Neural,validation,a19fa79351db509d25f64d1081c224941a37e9f7d96d85c9c3a71e1b30d62dcf,f01d693a47f8282be7dae8b2f26cd7a8ebeb5f4e240f2002c7c0258e9ecfc237
po_0027_c_part_007,raw/fake/po_0027_c_part_007.flac,manipulated,po_0027,po_0027,Amazon Polly Concatenative/Neural,validation,e2432c808963ea741a9cc5e6d07b1dceb2d25b998abed0e7d30b84bb61273a05,6b637288d5a71636627dd76d5952b6678596197af0f0f50628ca445521b61c72
po_0027_c_part_008,raw/fake/po_0027_c_part_008.flac,manipulated,po_0027,po_0027,Amazon Polly Concatenative/Neural,validation,b41f92df1ed04f2e9b42295ceb03c78186b310164d599142a591e139c613131d,8f732e3e451d487bbd064660b1d5afba295fdcb3fa375abb4b7adc19fac7e6e2
po_0028_c_part_006,raw/fake/po_0028_c_part_006.flac,manipulated,po_0028,po_0028,Amazon Polly Concatenative/Neural,validation,b3d3ac2f096ff3aa16347a5d9a5393c04626cfc690c8b5da6fd7ffd6c87ee730,4e7ffe209ad1836d4338e61151075a42da169b5def077afe02525ca61254b6a5
po_0028_part_001,raw/fake/po_0028_part_001.flac,manipulated,po_0028,po_0028,Amazon Polly Concatenative/Neural,validation,925b6237558b307d2dcecf20bb777ea2bebcd0e0eb2c393e18a2eea4f2a07e23,f98360dd413619dc3e49845724d6f0a1536d983f81b3ffcf5eef7f63d1ff1415
po_0029_c_part_009,raw/fake/po_0029_c_part_009.flac,manipulated,po_0029,po_0029,Amazon Polly Concatenative/Neural,validation,de7ede171d93ac15155e699054aa3a16406ea4e88084f01026577f92804cb754,16f5fb4bc8080def6a894790d1996fa6d33fec957c1dd6cb26114c42ee6f4839
po_0029_c_part_010,raw/fake/po_0029_c_part_010.flac,manipulated,po_0029,po_0029,Amazon Polly Concatenative/Neural,validation,a104cdeed492749e7f57c725b4551a1ad6bb42ca5363c047f21edd9f8e6e6d03,8ee74f850642eb7713686093130c341c84d361ac87f41d1d86ace4fa0fb1f01e
po_0030_c_part_010,raw/fake/po_0030_c_part_010.flac,manipulated,po_0030,po_0030,Amazon Polly Concatenative/Neural,validation,5e475aae8c9976b8d8085958331a28ad5a2f937a84c13b063e0a0d03feb4d21e,acc2f3db9842823d57d355dca773c2b684ce9feb78e1f2b9552b6edb685691de
po_0031_c_part_009,raw/fake/po_0031_c_part_009.flac,manipulated,po_0031,po_0031,Amazon Polly Concatenative/Neural,validation,477254cf4168fc997321c7c671468ff0162c3c84916b3e3ba006399ee0830e7b,6d4786b5b3fe3067df80adb266285c4e585d5e744f0db9f7161b0a37c7648b1b
yt_0003_part_001,raw/real/yt_0003_part_001.flac,genuine,yt_0003,yt_0003,none,test,b2687aa1d1e7bb7d392715d7288d42289787e11d5346cdcab6c7aa386b4cd917,3875a4a84b4f0b5d57985cbf2b0d1fb3e749bc5bd34b651b97f2204481d0f949
yt_0003_part_002,raw/real/yt_0003_part_002.flac,genuine,yt_0003,yt_0003,none,test,f63dd51818a2e5c8159693332725c5ada28d980e2e07cbb537f1f68260eaf48f,013de2846fb8499f26e3d882dba0ee0720144f154497f502c6b85283bdd687ca
yt_0003_part_003,raw/real/yt_0003_part_003.flac,genuine,yt_0003,yt_0003,none,test,ae3abe3aab6e24162c688c65a711cc705b18bf9c9fed47a6f1eef87893f0a825,f15710020a0b64cba15d9c6e1e8de4a81580f48ad7f5e532152004453c888470
yt_0003_part_004,raw/real/yt_0003_part_004.flac,genuine,yt_0003,yt_0003,none,test,f49ddf215fe202a79db48a7bb0af906bd42b6db239e011316688644a1a683c32,bc02bc852644bce7b154ea21f5247658efb4c894f60c7fcce50e5604a5129d65
yt_0003_part_006,raw/real/yt_0003_part_006.flac,genuine,yt_0003,yt_0003,none,test,7af5386b20190f1ddc42d71ef3b48b2276d3bbfb2ae170c769114edc9860361c,df5e74242056d4b85308fb17c4acc372c38b2920a9199cc28f61e50007b5357e
yt_0003_part_008,raw/real/yt_0003_part_008.flac,genuine,yt_0003,yt_0003,none,test,f42dc0925b6da230cf2e5e19c8c95e0e4fcd3879c3ab1bd16ec9ddb87b186d44,2e8b1400979a79026191b3aa5efc161711e47c9588344d9a11b6644c7ab4e27a
yt_0003_part_009,raw/real/yt_0003_part_009.flac,genuine,yt_0003,yt_0003,none,test,f5e8fe6e496132adfa8caf3eb74e76ea12c59588ae210ea2f261a6f27c69a034,761b15550bafce0f8b64d294a5d68fccfb315f2446a976f8f1001309dae1f3ba
yt_0003_part_010,raw/real/yt_0003_part_010.flac,genuine,yt_0003,yt_0003,none,test,042fa806d4492eb92060f12d6707b6d29870bb44ab8f7ef0fb5824db191f95bc,5e13b5ba304fd65c3f5994cea42e4214d7afeb56c67ba98e1a9d2af9ca397ce1
yt_0003_part_011,raw/real/yt_0003_part_011.flac,genuine,yt_0003,yt_0003,none,test,916728034803dee1bdca6f908ad534eeded99c02a5af5ecd202a69a92f887216,436b144cedb212bb025bdd76248d9178e9dd6cba6fbb84d16bc266efab0a503d
yt_0008_p2_part_258,raw/real/yt_0008_p2_part_258.flac,genuine,yt_0008,yt_0008,none,test,85bf56ab4fc45d5bbf24c4e5f6f0c1608126da04bcdf71b015aa86e7a203d523,00b4fa52ea12311c43088075ed17156107cd34815a4c956487dbcdcda17f2de6
yt_0008_p2_part_259,raw/real/yt_0008_p2_part_259.flac,genuine,yt_0008,yt_0008,none,test,c89cf5add400b72d3c1c71891ee185ff7bd8af06e9dde24f4af47fc63264d16f,174d00c7949c8364e92af90bdf7e5600d5a5ae60063bb4a221904acb2c3fe1ec
yt_0008_p2_part_260,raw/real/yt_0008_p2_part_260.flac,genuine,yt_0008,yt_0008,none,test,ec4cd4a5649350596a133627ae7ba4db1449ef98b3fc3c0afce197794e0cf1db,ecfcc3d1b29df77eec4f3a375391a5ca970e613b821dc2422f08badb27954295
yt_0008_p2_part_265,raw/real/yt_0008_p2_part_265.flac,genuine,yt_0008,yt_0008,none,test,8f89c77298ba799e53809948508c5ad7c80d71751e602a690ef4a559f42cb7a6,d9f12492be5910320f6dde0ffbef432a01b3f39d8d308dd77908736e9a9b9223
yt_0008_part_002,raw/real/yt_0008_part_002.flac,genuine,yt_0008,yt_0008,none,test,9d3c583f9456c7e504e1f624e9d310adf7a7a0729a0c55fe4da313998aea7d19,9b8128641177f71d420f3c188cf5dba03b993c1cd8f6a150090521e34520e31a
yt_0008_part_003,raw/real/yt_0008_part_003.flac,genuine,yt_0008,yt_0008,none,test,cf64f08216eacf0a72e4c81b31f76cbbb73c3b5357d84b1c09d7b5c2b2e2494d,101215b1227be3bd08385bc2d91df8c1f54df682cc9bfff750caf1e7267a7bfe
yt_0008_part_004,raw/real/yt_0008_part_004.flac,genuine,yt_0008,yt_0008,none,test,a9a179bf57a6762cef34a1f5823eb217449a427b3b01afc466e75546c38a9861,8d759b37e6389cc9bc07b9164d72a9a4ee49156d3049ee6a90e64c26dab4d68e
yt_0008_part_007,raw/real/yt_0008_part_007.flac,genuine,yt_0008,yt_0008,none,test,23bca9730ad96b02752d2fa41b28454ba279dcc0ff518cac518891a0174bd09e,b46a07422452f0ea4291134b61548fb3e305a32e9182b984aecc402aea746c82
yt_0009_p2_part_276,raw/real/yt_0009_p2_part_276.flac,genuine,yt_0009,yt_0009,none,test,faaed78d60c407d0baf649c665aab6c2cf139ed10c583ef9a7342dfb0568cd80,9c137cf8594278468cf0c92fcdde80e1b5a65afeef1012db93bb71352b94ba82
yt_0009_p2_part_277,raw/real/yt_0009_p2_part_277.flac,genuine,yt_0009,yt_0009,none,test,f89c4aed27fd97bac967585cb6b3dd231fbea6d6c9b891ef23ab6fb6578b70db,b61fe7a589af0ae6d79e250b8079df2b7cd09379a5f720ef053d0a59853a7981
yt_0009_p2_part_279,raw/real/yt_0009_p2_part_279.flac,genuine,yt_0009,yt_0009,none,test,9ac1ee8c0bbaea4af1030009546c2499de4a6425196db318f560f67413d4993e,426cdfaafc562bf2d7bb342de63634a550dc18bab8e8d78fd39113448d980411
yt_0009_p2_part_281,raw/real/yt_0009_p2_part_281.flac,genuine,yt_0009,yt_0009,none,test,4c786fcb86f192c578a12a2a3e83e3234dc5213e12897bddcd9231f1db3c3b1d,ca14c0d5cb7f88c1ec883baa4706228622a573e57c931f2db3458e27c71cefea
yt_0009_p2_part_282,raw/real/yt_0009_p2_part_282.flac,genuine,yt_0009,yt_0009,none,test,a36023eff0e8bfa86ffe2fba5b50b72ea1bf97774104ee99d354087a0465d28f,0af1b5b5f62808b3dd60c036d6437b7a48793507a8311aef9e94ea3fd4994b58
yt_0009_part_002,raw/real/yt_0009_part_002.flac,genuine,yt_0009,yt_0009,none,test,feba36a4f74b8474a4287f1cf76fb07af32b9b752bd0cc129c537bc31642708e,301657d573b104b02713c1f95dd23452b610e0d60529b999c2d53e88a72a497c
yt_0009_part_003,raw/real/yt_0009_part_003.flac,genuine,yt_0009,yt_0009,none,test,a33392a3634474d7181864d33e944187f35e5c9077a7ac0fe72d1689f3afbb70,e759467927cbfd0657907fa7bac9f0c35a249e381f6d731b5a2375ac6dac7289
yt_0009_part_004,raw/real/yt_0009_part_004.flac,genuine,yt_0009,yt_0009,none,test,dc00b3028e82b42ce4a371168c16a324eafaf3f1e3035abfc82f3e1b104dcec9,76310a7404395dbad4067ef36b858e17658290f72add2399682fc687cbada5fe
hg_0001_c_part_005,raw/fake/hg_0001_c_part_005.flac,manipulated,hg_0001,hg_0001,Kokoro / HuggingFace TTS,test,83b30af15e34632525039e53fdcc9097efb89ce07d8cdd2a3d50609957f38798,76b98d57780afce01524407fc371eef66f7d808c2c8be1053f223ee0f0ac0dd5
hg_0002_c_part_006,raw/fake/hg_0002_c_part_006.flac,manipulated,hg_0002,hg_0002,Kokoro / HuggingFace TTS,test,d6ad0ba74cdd83b172407e9d1889c78f0b77514485708198ee90cf97fe78f038,550960540e7983eed28703a1fcff30f3f0680df4ecd5169408b6d9857ce5c732
hg_0003_c_part_004,raw/fake/hg_0003_c_part_004.flac,manipulated,hg_0003,hg_0003,Kokoro / HuggingFace TTS,test,d2503a724188d4d74a0a98cfc464d5137d4794a7f894b8be08d7b93680115735,684806f8d70ac74a90ef67806f8a3dc612e10de02a8753d6f0a55235ea75ea1d
hg_0004_c_part_004,raw/fake/hg_0004_c_part_004.flac,manipulated,hg_0004,hg_0004,Kokoro / HuggingFace TTS,test,35b9d8af78d90a0f3a452750e1816890cb903fbca3e9009e94a27f0942681458,609bf396c192da1fb4f448655287d3cc1c9ed8c3107dcfe6f460b08ecbcfdf6a
hg_0005_c_part_006,raw/fake/hg_0005_c_part_006.flac,manipulated,hg_0005,hg_0005,Kokoro / HuggingFace TTS,test,c3e7069aa3893be32994b81b3660c2360e516d2faf94e78b9723ced013e3d2a6,c6a143c1d0ef60987ab8fc90051b69c0917bbed8a2ef7efb8475e13856c97a9a
hg_0006_c_part_005,raw/fake/hg_0006_c_part_005.flac,manipulated,hg_0006,hg_0006,Kokoro / HuggingFace TTS,test,f68dfec838cb30e6b91dd62ab93bbc2b771d0fc43b97813f046bf2e921f9f1e4,b623c771bc158504563e73067f2b646f0bb2531720b33eb6856d879bb09fd55e
hg_0007_part_001,raw/fake/hg_0007_part_001.flac,manipulated,hg_0007,hg_0007,Kokoro / HuggingFace TTS,test,cb2dee493b26a6d39be5153fa5c9b8e44201a6cf57bb5eb51efdc6c25bfbea9d,94e502c5e4e31c6f9141297b685e826d3f6bd36ee4cf3919ea7556aec3e7c0ba
hg_0008_c_part_005,raw/fake/hg_0008_c_part_005.flac,manipulated,hg_0008,hg_0008,Kokoro / HuggingFace TTS,test,c2ff0f4ce7890f23958a1d5d77b9089f465c84bb089e18450560e512e9eecfe2,c7e75a471e95fa3d571d64e0804c165f6d324dc9dc4969d89f47ff8376a0d838
hg_0009_c_part_004,raw/fake/hg_0009_c_part_004.flac,manipulated,hg_0009,hg_0009,Kokoro / HuggingFace TTS,test,f10c0c674bd7e4977c5874a6ec685e4d259ae738e180b985c1cc65ca49346394,bff1972da4e2f6723c1f88bae5030fa5a2fc46c7447ca12d078eb851780474a3
hg_0010_c_part_005,raw/fake/hg_0010_c_part_005.flac,manipulated,hg_0010,hg_0010,Kokoro / HuggingFace TTS,test,4869884dbd0dea910ae75aa596f8efcae5177725c45e9c5e74316202c614a90b,899f20eb87cbbbfeef85e6f80ac73ca51c26613ac4077c28bd1352f4c8fe18bb
hg_0011_c_part_005,raw/fake/hg_0011_c_part_005.flac,manipulated,hg_0011,hg_0011,Kokoro / HuggingFace TTS,test,38718ff0d1a89a695269e7e1b7e41f1c00dc8c3c2e385d8e56eb79d9877b9043,905cc929a33c252adef011c1f0fe23d436ae6a1262ec3ce15899a911f911ad59
hg_0012_c_part_006,raw/fake/hg_0012_c_part_006.flac,manipulated,hg_0012,hg_0012,Kokoro / HuggingFace TTS,test,e9e6c0a4bccfd424465d7dc48b1f78d99c8146b5b68ac0d320b3c7816dbd6c4f,c8739a72a841989dac7f25924e0f0767fbe65bd7e2577f6c64f9057e1055fb46
hg_0013_c_part_005,raw/fake/hg_0013_c_part_005.flac,manipulated,hg_0013,hg_0013,Kokoro / HuggingFace TTS,test,a25c1a78913cfd397f4fd7cc74ade0972cdc6c810bbd020a8d0e68d903fc8bb8,4ca1424fcb752f5e28774272e1db5ddda806788c73b9fa1876a9e5ffc67a9df9
hu_0001_c_part_012,raw/fake/hu_0001_c_part_012.flac,manipulated,hu_0001,hu_0001,Hume AI Expressive Voice,test,9edaf3c8831e9138b05673af238a4469f853518f07fb6a1b198fb42cd75512f4,b51dbd51b6ff604971a6315784a66f8c5901befb34e90f8a96fc9cffdfd05843
hu_0001_c_part_013,raw/fake/hu_0001_c_part_013.flac,manipulated,hu_0001,hu_0001,Hume AI Expressive Voice,test,3b30fed7150f35a2a15e53ae6adc71c44a4824ca5ac44365b08f9761d6a6ada9,1c828fa94246f6472ee7c0ea05f14bd5575ab862ea60895b6b3b213f70859973
hu_0001_c_part_014,raw/fake/hu_0001_c_part_014.flac,manipulated,hu_0001,hu_0001,Hume AI Expressive Voice,test,b58a9b3b38e99d1cf8cdc0402f8413767ba2ae82cbd7f734c130ef94e998341c,b35cb691be91d1eaa1da0819a65cdc5bcc0e4c85dbee051f9d10068244cc17c1
hu_0001_c_part_015,raw/fake/hu_0001_c_part_015.flac,manipulated,hu_0001,hu_0001,Hume AI Expressive Voice,test,ca616644c14ff159b5bd9ce1d9cc8b3346d069badedc81454f54377f877361f5,fdf555b63548eedbab2755ee28fbe2070494d2c24a7e55d4ad9399a1b54a8974
hu_0001_part_001,raw/fake/hu_0001_part_001.flac,manipulated,hu_0001,hu_0001,Hume AI Expressive Voice,test,4def42c9d5bed57b7c6d352a9ca7a3b4c9be8580eef566a1b2700d24c49b2510,95c74da31de907990eb67c53d80e8139716755428b997b3fb1af3edaa6bebae7
hu_0001_part_002,raw/fake/hu_0001_part_002.flac,manipulated,hu_0001,hu_0001,Hume AI Expressive Voice,test,5031b839c518cdcdcaf0d67816219df521dcc2388f18273de48c6ed492a0b68a,8854c4741d9a8a91b7cd36cb5f5de291f93a1ac8f925398d0de2705b916bc06d
hu_0001_part_003,raw/fake/hu_0001_part_003.flac,manipulated,hu_0001,hu_0001,Hume AI Expressive Voice,test,b963b7bc26b65f326288e66ac7a76ad9f287bb81f2e0e2173febf21c4193b49a,0ff37b99c8eaac55e0468ab7068123705b570f06a2c43a8fae894ce025a03f98
hu_0001_part_004,raw/fake/hu_0001_part_004.flac,manipulated,hu_0001,hu_0001,Hume AI Expressive Voice,test,1ca3ec896f07efae3c1da158aa50b32f5622404d65961fd16f1f812ffcc41c26,c3610a59a7137eebb7d2bce388b48ac4a1098df938b06010e99a325dc0c51421
hu_0001_part_005,raw/fake/hu_0001_part_005.flac,manipulated,hu_0001,hu_0001,Hume AI Expressive Voice,test,5e3d1fcc4ca499e6807ff13c9dfb803fa4d8d44871342b4678a8895725899a84,1474ba6b554cd42e3b2e8460a1fd37e6f9b89ebd7c21262384e2f9a2ccb02577
hu_0001_part_006,raw/fake/hu_0001_part_006.flac,manipulated,hu_0001,hu_0001,Hume AI Expressive Voice,test,9c7837ee6e6df37b2543d2c310c184505dd544a00f44547d17319759ba3256ed,e27391357893a9481cd7dbe95cbc673c7de274d4beb450242ded395b2fd5a71e
hu_0001_part_007,raw/fake/hu_0001_part_007.flac,manipulated,hu_0001,hu_0001,Hume AI Expressive Voice,test,fec557771a684c11983c5147d1899aeed063b09f71209110e430a8a705a2c093,15754ff2beed2e9f0d1bf75c9c16c1bce8cb55d692500f679937d96e4efef9aa
hu_0001_part_008,raw/fake/hu_0001_part_008.flac,manipulated,hu_0001,hu_0001,Hume AI Expressive Voice,test,70e991fb1a6ca36978863d97a086af845c5b5516ebbccf6c6c57921c7051dcb4,9d70be332277fa51ae07f36be4b88612cbeaa3327483310497210454db007f25
